ID,Gender,LGBT,Financial,Physical,CALD_BIPOC,Mental,Sexual,Verbal,Experience,Price,person_virtual,Rating
1,1,1,1,1,0,0,1,0,39,94,2,8.2
2,2,0,1,0,1,1,0,0,42,167.89,1,5.8
3,2,0,1,1,1,0,1,1,9,64.72,1,9.9
4,1,1,0,0,1,0,0,0,25,178.4,0,9.6
5,2,0,0,0,1,1,0,1,16,175.29,2,5
6,3,1,0,0,1,1,0,1,43,183.22,2,7.8
7,2,1,1,0,0,0,1,0,9,80.14,0,5.7
8,1,0,1,0,0,0,0,0,35,104.85,1,9.6
9,2,1,1,0,1,1,1,1,25,75.36,0,7.6
10,1,0,1,0,1,1,1,1,18,71.4,0,8.8
11,2,1,0,0,0,1,1,0,25,136.69,0,8.7
12,2,1,1,0,1,0,1,0,39,137.82,0,5.1
13,2,0,0,0,1,0,1,0,21,123.08,1,8.9
14,1,1,0,1,1,0,1,0,18,140.83,1,8.5
15,2,1,1,0,1,1,0,1,27,134.18,2,9.1
16,1,0,1,0,0,0,1,0,26,137.44,1,6.3
17,2,0,1,0,1,1,1,0,18,187.78,2,7.6
18,1,1,0,1,1,0,1,0,28,113.57,0,9.8
19,2,1,0,0,0,0,0,0,15,72.61,2,6.2
20,3,1,1,0,0,0,1,1,45,65.84,1,6.7
21,2,0,1,1,1,0,0,1,6,136.34,1,7.5
22,1,1,1,0,1,0,0,0,25,164.25,1,7
23,2,1,0,0,0,0,1,0,25,164.64,1,5
24,1,0,0,0,0,1,0,0,33,60.78,1,6.2
25,2,0,1,0,0,1,0,1,5,120.12,0,5.9
26,3,0,1,0,1,1,1,0,30,125.81,1,9.1
27,2,1,1,0,1,1,0,1,21,184.3,1,5.1
28,1,1,0,1,0,0,0,1,34,171.63,0,8.9
29,2,1,0,1,1,1,0,0,27,121.23,1,6.7
30,3,0,0,1,0,1,0,0,24,93.88,1,6.2
31,3,1,1,0,1,1,0,1,39,159.52,1,9
32,1,1,0,1,1,0,0,0,12,172.57,2,5.2
33,2,1,0,0,0,1,0,1,16,104.71,2,8.7
34,1,0,0,1,0,1,1,1,6,167.3,2,7.8
35,2,0,0,1,1,1,0,0,19,154.61,2,5.3
36,1,0,1,0,1,1,0,1,40,142.72,1,8.3
37,2,1,0,0,0,0,1,1,7,160.13,0,5.7
38,3,0,1,0,0,1,0,0,30,90.57,2,7.1
39,2,0,0,0,0,0,0,1,6,74.98,1,6.7
40,1,1,0,0,1,0,1,1,14,68.11,0,7.2
41,3,1,1,1,0,0,0,0,33,127.21,1,7.4
42,1,1,0,0,1,1,0,1,25,75.97,2,8.4
43,1,0,1,0,0,1,1,1,35,153.83,1,6.3
44,3,1,0,0,1,1,0,1,23,105.69,0,9.4
45,2,0,1,1,0,1,1,1,17,74.82,0,9.3
46,1,1,1,1,0,1,0,0,45,90.38,0,8.6
47,2,1,1,1,1,1,1,0,1,102.31,1,7.5
48,1,1,0,0,0,1,0,0,26,167.81,0,7.2
49,3,0,0,1,1,1,0,1,9,164.02,0,9.5
50,3,1,1,0,0,0,0,1,34,94.74,2,5.7
51,2,1,0,1,0,1,0,0,2,91.84,0,8.8
52,3,1,1,0,0,0,1,1,21,76.11,2,7.9
53,2,0,0,1,0,1,0,0,35,180.62,0,9.6
54,2,1,1,1,1,0,0,0,18,136.13,0,9.3
55,2,1,0,1,1,0,1,0,24,73.66,1,7.8
56,1,0,1,1,1,0,1,0,22,171.22,1,5.4
57,1,0,0,1,1,0,1,0,43,93.44,0,6
58,1,1,0,1,0,0,1,1,40,148.14,2,9.7
59,2,1,0,0,1,0,0,0,16,82.53,0,5.1
60,2,1,0,1,0,1,1,0,17,187.38,2,7.5
61,2,0,1,0,0,0,0,1,19,173.72,1,5.7
62,2,1,0,1,0,0,0,0,36,155.23,2,8.8
63,2,0,0,1,0,1,1,1,45,64.82,0,8.6
64,2,1,0,0,0,1,1,1,37,150.94,1,8.9
65,3,1,1,0,1,1,0,0,23,142.94,1,6
66,1,1,1,1,1,1,0,1,20,176.59,1,6.2
67,1,1,0,1,1,0,0,1,37,73.84,0,5.5
68,1,0,1,0,1,1,0,0,16,146.87,2,7.5
69,3,0,0,1,0,0,1,0,41,165.82,2,5.5
70,1,1,1,1,1,1,1,0,16,180.09,2,9
71,1,0,0,1,0,1,1,0,10,60.4,2,5.9
72,3,0,1,0,1,1,1,1,23,85.49,0,8
73,2,1,1,1,0,1,0,1,26,150.33,0,7.5
74,2,0,0,0,0,0,1,0,11,109.52,1,8.8
75,3,0,0,0,0,1,1,1,41,82.65,1,6.2
76,3,1,0,0,0,0,1,0,13,134.01,2,5
77,3,0,0,1,1,1,1,1,42,80.98,0,7
78,3,0,0,0,0,0,0,0,14,165.91,2,8.4
79,3,0,1,1,0,0,0,1,10,94.68,2,5.3
80,2,1,0,1,0,1,1,0,34,113.06,1,7.6
81,3,1,0,0,1,1,0,1,3,185.68,1,6.8
82,3,0,1,1,1,1,0,1,35,191.51,0,6.7
83,3,1,1,1,0,0,0,0,29,90.35,2,6.3
84,1,1,0,1,1,0,0,0,10,174.72,0,6.9
85,2,1,1,1,1,0,1,0,34,83.42,2,5.7
86,3,1,1,1,0,0,1,0,8,97.29,0,6.4
87,3,0,1,1,0,1,1,0,28,140.09,2,6.3
88,1,0,1,1,1,0,1,1,6,198.24,2,5.1
89,1,0,0,1,0,0,1,1,15,118.66,1,8.1
90,3,1,1,1,0,0,0,1,8,124.47,0,9.2
91,1,0,1,0,1,1,1,1,38,178.48,1,7.7
92,3,1,1,0,1,1,0,1,33,75.65,2,9.9
93,1,0,0,0,1,1,1,1,4,104.08,2,8.6
94,2,1,1,0,1,1,1,1,4,91.43,0,7.9
95,3,0,1,0,0,1,1,1,9,194.01,1,7.1
96,2,0,0,1,0,1,1,0,19,63.38,0,5.9
97,3,1,1,0,1,0,1,0,23,108.1,2,5.1
98,2,0,0,1,1,1,1,0,5,68.5,0,6.3
99,1,1,1,0,0,0,1,1,24,98.53,2,7.3
100,2,0,0,0,0,1,0,0,21,182.29,1,6.5
101,2,1,0,0,1,0,0,1,6,103.5,0,5.3
102,1,1,1,1,1,0,0,0,15,132.7,1,7.4
103,2,1,1,1,1,1,1,0,4,196.74,2,6.4
104,3,0,0,0,1,1,0,1,45,154.69,2,9
105,1,1,0,0,0,0,1,0,11,86.83,2,8.2
106,3,1,1,0,0,0,1,1,19,123.84,1,8.8
107,2,1,0,1,1,1,0,1,15,114.44,1,8
108,2,1,0,1,1,1,0,1,26,178.73,0,7.1
109,1,1,0,1,0,0,1,0,4,198.6,1,9.7
110,1,0,1,0,1,1,0,1,31,107.21,2,9.8
111,3,1,1,0,1,1,1,1,1,192.83,0,6.8
112,3,0,1,0,0,0,1,0,26,135.62,1,10
113,3,1,1,1,0,1,1,0,23,109.51,0,8.8
114,1,0,1,0,0,0,1,1,36,109.66,1,9
115,1,0,1,0,1,0,0,0,29,74.75,1,7.2
116,1,0,0,1,0,0,1,0,27,123.16,2,8.4
117,1,1,0,0,0,0,0,0,4,147.73,2,7.8
118,3,0,0,0,0,0,0,1,23,80.77,1,9.4
119,3,1,1,1,0,1,0,0,39,179.53,1,7
120,1,1,0,0,1,0,0,1,13,112.62,1,6.9
121,1,1,1,1,1,1,0,0,25,104.55,2,9.3
122,2,0,0,1,0,0,0,1,45,122.31,1,8.6
123,2,0,1,1,1,1,1,1,38,196.4,0,5.7
124,1,1,1,0,1,0,0,0,41,146.36,0,8.3
125,2,1,1,1,1,1,0,1,16,128.2,1,5.1
126,1,0,1,0,1,0,0,1,13,102.51,0,7.8
127,2,1,1,0,1,0,0,0,38,134.57,2,9.1
128,3,1,0,1,0,1,1,0,1,158.6,0,7.1
129,2,0,1,0,1,1,1,1,32,135.57,1,6.3
130,2,1,0,0,1,0,1,0,42,102.51,2,9.8
131,2,1,1,1,1,0,1,0,43,164.31,2,8.4
132,3,1,0,1,0,1,0,0,30,119.88,1,5.7
133,1,1,0,0,1,0,1,0,1,196.98,0,5.6
134,2,0,1,1,0,1,0,0,16,103.37,2,6.8
135,2,0,0,0,1,1,0,0,24,78.12,2,8.1
136,3,0,0,0,1,1,1,0,17,156.07,2,8.4
137,2,0,0,1,0,0,1,1,33,69.77,1,9.8
138,2,0,0,0,1,0,1,1,29,139.03,2,8.6
139,2,0,0,1,1,1,0,0,1,178.81,2,6.8
140,2,0,0,1,1,1,0,1,15,94.61,1,8
141,3,1,0,1,0,0,1,0,4,118.69,0,5.6
142,2,1,1,1,1,1,1,0,11,74.38,2,9.7
143,3,1,0,1,0,0,1,1,29,99.34,2,7.8
144,2,0,1,0,0,0,1,1,22,114.51,1,9.7
145,3,1,1,0,0,0,0,0,33,176.6,1,6.9
146,2,0,0,1,1,1,1,1,3,168.24,1,7.3
147,1,1,1,1,1,1,0,1,45,157.17,1,9.8
148,1,1,1,0,1,0,1,1,36,78.92,1,5.4
149,3,0,1,0,1,0,0,1,23,156.02,1,9.4
150,2,0,0,0,1,0,1,0,26,171.25,0,6.4
151,2,0,0,1,0,0,0,0,22,79.57,2,6.5
152,1,0,0,0,0,0,0,1,39,99.27,0,9
153,1,0,1,1,0,0,1,0,32,152.48,0,5.3
154,1,0,1,1,0,1,0,1,17,175.7,2,7.4
155,1,1,0,1,1,0,1,0,42,114.47,1,8.3
156,2,0,1,1,1,1,0,0,31,131.92,0,6.4
157,3,0,0,0,1,1,0,1,18,61.74,0,5.4
158,3,0,1,0,1,0,1,0,27,137.33,0,9.8
159,1,0,1,0,0,0,1,1,25,125.81,0,5
160,1,1,0,0,1,1,0,0,40,188.97,1,9.2
161,3,0,1,1,0,0,0,1,15,164.58,2,6.4
162,3,0,0,0,1,1,1,0,38,172.68,2,7
163,2,0,1,0,0,1,0,0,37,133.07,2,6.9
164,3,0,1,1,1,1,0,1,32,140.68,1,8.3
165,1,1,1,0,0,0,1,1,44,162.42,1,5.4
166,2,1,0,0,1,1,1,0,30,88.85,2,8.1
167,2,1,1,1,1,0,1,0,39,110.12,2,7.6
168,3,1,0,0,0,0,1,1,30,133.85,1,6.6
169,1,0,1,0,0,1,0,1,19,159.7,1,8.1
170,1,0,1,0,0,1,1,1,7,168.24,0,10
171,1,1,0,0,0,1,1,0,7,67.99,2,7.7
172,3,0,0,0,0,0,0,0,38,74.65,2,5.2
173,2,1,0,1,0,0,1,0,8,168.88,1,5.2
174,1,0,0,0,1,0,1,1,29,152.43,2,5.9
175,3,0,0,1,1,1,1,1,30,86.94,2,9.8
176,1,1,1,0,1,0,1,0,37,198.78,2,6.7
177,1,0,0,1,1,1,1,1,10,126.86,1,6.9
178,3,0,1,0,0,0,1,0,38,107.43,1,7.2
179,1,0,1,1,1,1,0,0,23,143.38,1,7.7
180,2,1,1,0,1,0,0,0,41,88.91,0,5.5
181,1,0,1,0,0,0,0,1,39,83.28,0,7.3
182,2,1,1,0,1,1,0,0,37,136.56,2,5.6
183,2,1,1,1,0,1,1,0,5,175.39,1,5.5
184,2,1,0,1,0,0,1,1,27,136,1,7.9
185,2,1,0,1,1,1,0,0,4,92.06,2,9.1
186,3,1,1,1,0,1,1,0,5,102.91,2,6.6
187,1,1,0,1,0,0,1,1,39,119.2,0,5.2
188,1,1,1,1,1,1,1,1,40,131.61,0,8.5
189,2,1,1,0,0,1,0,1,31,195.98,1,6.1
190,2,0,1,1,1,0,0,1,33,104.76,2,8.8
191,2,1,0,0,1,1,0,1,43,143.54,1,8.5
192,2,0,0,0,1,0,1,1,23,165.86,2,9.9
193,2,1,0,0,1,1,1,0,28,168.54,1,6.5
194,1,1,1,0,1,0,0,1,5,196.02,2,8.2
195,2,0,0,0,1,0,0,1,16,131.08,0,9.4
196,3,1,1,1,0,0,1,0,32,107.52,1,6.8
197,3,0,0,0,0,1,0,0,14,102.21,1,8.7
198,2,0,0,0,0,1,0,0,26,178.59,1,9.1
199,1,0,1,1,0,0,1,0,35,113.96,0,9.8
200,3,0,1,0,1,0,0,1,24,112.27,1,7.8
201,1,1,0,0,1,0,1,1,29,162.01,2,8
202,1,1,0,1,1,1,0,1,8,152.65,0,6.2
203,3,0,0,1,1,0,0,1,28,84.63,2,8.9
204,1,1,1,0,1,0,1,0,13,150.35,2,7.7
205,3,0,1,0,0,1,1,0,2,138.55,1,6.5
206,3,1,1,0,1,0,1,0,16,132.29,0,5.8
207,1,1,0,0,0,1,1,1,19,85.27,2,9.1
208,3,1,0,1,1,0,1,1,9,73.67,2,7.8
209,1,1,0,1,1,1,0,1,14,87.73,1,5.8
210,2,1,1,0,0,1,1,0,12,173.86,2,9.4
211,1,1,1,1,0,0,1,1,41,62.23,1,5.3
212,3,0,0,1,1,1,0,1,44,149.31,1,9.2
213,3,1,1,0,1,0,1,1,39,62.7,1,6
214,3,1,0,0,0,0,1,1,28,165.92,2,6.5
215,2,1,1,0,0,1,1,1,4,105.04,0,5.2
216,3,0,0,1,1,0,0,0,12,108.14,1,9.6
217,3,0,0,0,1,1,1,1,36,190.12,0,5.7
218,3,0,0,0,0,0,0,1,8,81.48,0,5.3
219,1,1,1,0,0,0,0,0,22,60.33,2,6.5
220,1,1,1,1,0,1,1,1,29,178.09,0,7
221,1,0,0,0,0,1,1,0,14,198.2,1,8.9
222,3,1,0,0,0,0,0,1,42,63.03,0,8.5
223,1,1,0,0,1,0,0,0,25,72.47,1,5.8
224,3,0,1,1,0,1,1,1,1,166.23,1,9.3
225,2,0,1,1,1,1,1,1,35,106.31,2,6.1
226,1,0,1,1,0,1,0,0,35,114.52,1,9.3
227,1,0,0,1,0,1,1,0,33,116.95,0,9.7
228,3,1,1,0,0,1,0,0,35,124.78,0,9.1
229,3,0,1,0,1,0,0,1,33,189.08,2,9
230,3,1,0,0,1,0,0,1,23,191.45,1,9.6
231,1,1,1,1,0,0,0,1,23,104.9,1,8.4
232,1,1,0,0,1,0,1,0,20,158.08,0,6.4
233,2,0,1,0,1,1,1,1,23,192.02,1,9.4
234,2,0,0,1,1,1,0,1,41,77.91,1,6.8
235,2,0,0,0,1,0,0,0,27,69.05,0,10
236,3,0,1,0,1,1,1,0,36,149.99,2,6.8
237,1,0,1,0,0,1,0,0,25,175.4,1,6.2
238,1,0,1,0,0,1,0,0,9,181.9,1,8.3
239,3,1,0,0,1,0,0,0,37,159.47,0,7.6
240,1,0,0,0,1,0,1,1,42,186.91,2,7.8
241,3,0,1,0,1,1,0,0,33,158.56,0,8.9
242,3,0,0,0,0,0,0,1,34,163.68,2,5.4
243,2,0,0,0,0,1,1,0,30,61.02,1,8.5
244,3,0,0,1,1,1,1,1,43,148.34,2,9.4
245,2,0,1,0,1,1,1,0,10,103.53,2,5.5
246,2,1,0,1,0,1,0,1,2,126.83,2,8.9
247,2,1,0,1,1,0,1,1,31,123.68,0,9
248,1,1,0,1,1,1,1,0,22,67.72,0,8
249,3,0,0,1,0,0,1,1,39,186.92,1,7.9
250,1,1,1,1,1,1,1,1,27,101.01,0,9.6
251,1,1,0,0,1,1,1,1,5,147.05,0,9.8
252,2,1,1,1,0,1,0,1,35,119.11,2,7.1
253,3,0,1,0,1,0,1,1,38,113.59,2,7.5
254,2,1,0,0,0,1,1,0,23,77.56,0,6.9
255,1,0,1,1,0,1,0,1,15,104.71,1,8.2
256,3,0,0,1,0,1,1,1,15,122.33,1,6
257,2,1,1,1,1,1,1,0,30,191.52,0,6.4
258,2,0,1,1,1,0,1,1,44,133.25,0,7.3
259,1,0,1,0,0,0,0,1,10,151.67,1,7.2
260,3,1,1,1,1,0,0,1,21,153.22,1,8.6
261,2,1,1,1,0,1,1,1,9,193.5,0,7.3
262,1,1,0,0,1,0,0,0,35,170.32,0,8.4
263,3,0,0,0,1,1,0,0,36,173.31,2,5.4
264,2,0,1,0,1,1,0,1,19,140.23,1,9.8
265,2,1,1,1,0,0,1,1,22,80.05,2,6.4
266,3,0,0,0,0,1,1,1,5,98,1,6.7
267,3,0,1,1,0,1,0,1,2,78.6,2,6.3
268,3,0,0,0,1,0,0,0,25,117.54,1,6.2
269,1,0,1,1,0,1,0,0,26,90.71,2,5.1
270,3,0,1,0,0,1,1,0,20,168.75,1,8.4
271,1,1,1,0,1,1,0,0,4,86.83,1,8.8
272,1,1,1,1,1,1,1,0,6,194.46,0,9.1
273,1,1,1,1,0,0,1,1,16,121.51,1,8
274,3,1,1,1,1,0,1,0,33,64.37,0,8.1
275,1,0,0,1,0,0,1,1,4,81.44,2,5.2
276,3,1,1,0,1,0,1,0,16,185.59,2,5.5
277,1,0,1,1,1,0,0,0,13,140.83,0,7.3
278,2,0,0,0,0,1,0,1,1,140.85,1,9.1
279,2,0,1,1,1,1,0,1,9,161.53,1,6.5
280,3,1,0,1,0,1,1,0,14,138.8,1,7.7
281,3,0,0,0,1,0,0,0,16,134.85,0,10
282,2,0,1,0,1,0,1,0,9,179.91,1,9
283,3,0,1,1,0,1,0,1,22,111.95,0,7.3
284,1,0,1,0,1,1,1,0,11,131.19,0,8.1
285,1,0,1,0,1,1,1,1,26,113.79,0,7.7
286,2,0,1,1,0,0,1,0,30,152.08,1,6.1
287,3,1,0,0,0,1,1,1,22,79.05,0,8.9
288,1,0,0,0,0,0,0,0,35,72.25,1,9.9
289,1,0,1,1,1,0,0,1,17,151.85,2,9.7
290,1,0,0,0,0,1,0,0,20,157.91,1,7.3
291,1,0,0,1,1,1,1,0,13,99.07,1,9
292,1,1,0,1,0,0,1,1,42,138.95,2,7.3
293,2,0,0,0,1,0,0,1,44,167.48,1,7.4
294,2,0,0,0,0,0,1,1,4,120.04,0,7.1
295,1,1,1,0,0,1,1,0,4,128.06,1,6.4
296,1,1,0,0,1,1,1,0,8,61.25,0,6.2
297,1,0,0,0,1,1,1,1,21,154.62,0,9.4
298,3,1,1,0,0,0,1,1,41,154.26,2,8.5
299,2,1,0,0,0,0,1,1,25,104.49,1,5.2
300,3,0,1,0,0,1,1,0,40,188.04,2,5.9
301,3,1,0,0,1,1,0,0,26,99.97,2,7.9
302,3,1,0,1,0,1,0,0,18,72.85,2,8.6
303,3,1,0,0,1,1,0,1,30,159.94,1,7.3
304,3,1,1,0,0,1,1,1,24,152.67,0,9
305,1,0,1,0,1,0,1,1,25,184.39,2,7.7
306,2,0,0,0,0,0,1,1,19,77.29,1,5.2
307,3,1,0,1,1,0,1,0,25,111.98,0,5.1
308,3,1,0,1,0,1,1,0,39,135.03,1,9
309,2,1,1,1,0,0,0,0,22,116.75,2,7.3
310,1,1,0,0,1,0,1,1,33,134.17,1,5.4
311,2,0,1,0,1,0,1,0,35,130.23,2,6.2
312,3,1,1,0,1,0,0,0,10,145.2,1,5.9
313,3,0,1,0,0,1,0,0,27,74.05,1,7.6
314,3,0,0,1,0,0,0,1,3,172.83,0,7.7
315,1,0,0,0,1,1,1,1,14,101.55,2,9.2
316,1,0,1,1,1,0,1,1,6,196.28,2,5.1
317,2,0,1,0,1,0,1,0,45,149.12,2,7.7
318,1,0,0,0,0,1,1,0,17,87.96,0,6.8
319,3,1,0,0,0,0,0,0,35,185.37,1,5.4
320,3,0,1,0,0,1,0,0,45,89.4,1,5.5
321,3,1,0,1,1,0,1,1,36,63.82,2,6.4
322,3,1,1,1,0,1,0,0,25,76.66,1,5.5
323,1,1,0,0,0,1,0,0,33,138.82,2,9.6
324,1,1,1,0,1,0,0,0,2,194.15,1,7.9
325,2,1,1,1,1,1,0,0,35,71.05,0,5.9
326,2,0,1,0,1,0,0,1,36,104.38,1,8.2
327,2,0,1,1,0,0,0,0,21,155.85,2,8.3
328,2,0,0,0,1,1,0,0,17,118.84,0,6.9
329,2,1,0,1,0,0,0,1,10,160.81,0,8
330,3,1,1,1,0,1,0,0,27,161.08,0,7.1
331,1,1,1,1,1,0,1,1,22,187.03,1,8
332,3,1,0,0,0,0,1,1,16,170.81,2,8
333,3,1,0,1,0,1,0,0,3,87.28,0,8.2
334,3,0,0,1,0,0,0,1,17,91.02,0,6.1
335,1,0,0,1,0,1,0,0,2,69.99,2,8.5
336,1,0,1,0,0,0,1,0,29,121.58,1,7.2
337,3,1,0,1,0,1,1,1,34,167.99,0,5.9
338,1,1,0,1,1,0,1,1,44,147.38,0,9.1
339,3,0,0,1,1,0,0,1,1,116.52,1,8.8
340,2,1,1,1,1,0,1,1,20,162.39,0,8.1
341,2,1,1,1,0,1,0,0,31,81.28,0,7
342,2,1,0,0,0,1,1,1,39,183.92,1,9.9
343,2,0,1,0,0,1,0,0,26,78.89,2,6.3
344,2,1,0,1,1,1,1,0,9,97.61,0,8.6
345,1,1,1,1,1,0,0,0,15,62.62,1,7.8
346,2,0,1,0,0,0,0,0,31,195.36,0,6.1
347,2,0,0,0,1,0,0,1,6,113.86,2,8.4
348,1,1,0,0,0,0,1,1,43,102.95,1,8.9
349,2,0,0,0,0,1,0,1,12,84.27,1,7.1
350,3,0,1,1,0,0,1,0,37,150.06,1,6
351,3,0,0,0,1,1,0,1,7,115.26,0,9.6
352,2,0,1,1,0,1,1,0,45,157.88,2,6.3
353,1,0,1,0,1,0,0,1,27,199.35,1,9
354,2,0,0,0,1,0,1,1,45,74.8,1,8.6
355,2,1,0,1,0,1,1,0,15,145.11,2,5.8
356,3,0,1,1,0,1,0,0,29,180.9,1,9
357,3,0,1,1,0,1,0,0,41,88.14,2,6
358,1,1,0,0,0,1,1,1,29,130.13,1,8
359,2,0,1,1,1,0,1,1,8,135.91,2,6.5
360,3,0,1,1,1,0,1,1,44,199.59,1,6.7
361,1,1,1,0,1,1,0,0,13,115.82,2,5.3
362,1,0,0,1,0,0,1,1,6,135.82,2,6.7
363,1,0,1,1,0,1,1,1,24,124.13,0,6.9
364,1,1,1,1,1,1,1,0,15,134.8,2,6.3
365,3,0,1,0,0,1,0,0,43,173.07,1,6.9
366,2,0,1,1,1,1,1,0,33,135.16,0,7
367,1,0,0,0,1,1,0,0,8,135.82,2,5.4
368,2,0,1,1,1,0,1,0,19,169.1,0,6.7
369,3,0,0,1,0,1,0,0,8,99.41,2,7.3
370,2,0,1,1,0,0,0,1,40,186.3,1,9.3
371,1,1,1,0,1,1,0,1,18,97.3,1,8.5
372,3,0,0,1,1,1,0,1,1,179.88,1,6.8
373,2,0,1,1,0,0,1,1,11,68.51,0,5.2
374,3,1,1,1,0,1,0,0,21,67.62,0,7.7
375,2,0,0,0,0,0,1,0,10,125.84,1,9.2
376,3,0,0,1,0,0,0,1,10,115.86,1,8.3
377,2,1,1,0,1,0,0,1,22,134,2,9.1
378,3,1,1,0,0,1,1,1,38,167.46,1,9.2
379,1,1,1,1,0,0,1,0,1,168.07,1,7.8
380,1,1,0,0,1,0,0,0,40,167.68,2,9.4
381,1,1,0,0,1,1,0,0,16,79.56,0,7.9
382,2,0,1,1,0,0,0,1,37,160.83,1,7.8
383,1,0,0,1,1,0,0,1,33,199.78,1,8.2
384,2,0,0,0,0,0,0,1,14,125.67,0,9.5
385,2,0,0,1,1,0,0,1,26,93.67,1,6.7
386,2,0,1,1,1,1,1,0,28,170.63,0,8
387,2,0,0,1,1,1,0,0,15,160,1,5.9
388,1,1,1,0,0,0,1,0,29,80.66,1,8
389,3,0,1,0,1,1,1,0,15,166.99,2,6.9
390,2,1,0,1,1,0,1,0,23,133.02,0,9.1
391,3,1,0,1,0,0,0,0,19,62.31,1,9
392,1,1,0,0,1,0,0,0,12,92.47,1,6.4
393,3,0,1,1,1,0,1,0,42,162.5,1,8.8
394,3,1,0,0,0,1,1,0,14,94.64,0,6.6
395,2,1,0,1,0,0,1,0,11,168.8,2,7.9
396,1,1,1,0,1,1,0,1,6,145.84,1,6
397,2,0,0,1,1,1,0,0,8,120.46,1,6.7
398,2,0,1,1,0,0,1,1,34,88.86,1,7.1
399,3,0,0,1,1,0,1,1,11,137.27,2,6.8
400,1,1,0,1,0,1,1,0,11,87.07,1,8.9
401,3,0,0,0,0,1,1,0,1,150.4,1,8.2
402,2,0,1,0,0,0,0,0,12,127.64,0,8.5
403,2,1,1,1,0,1,1,1,32,124.76,0,9.4
404,3,0,0,1,0,1,1,1,5,121.22,1,8.7
405,1,0,0,0,0,1,1,0,9,159.93,1,8.1
406,3,0,1,1,0,1,1,0,14,137.75,2,9
407,2,1,0,0,0,0,0,1,17,132.63,0,7.8
408,1,1,1,0,1,1,1,1,25,128.85,1,9.4
409,2,1,1,1,1,0,1,1,40,158.31,2,8.9
410,3,0,1,0,0,1,1,1,38,118.99,0,5
411,1,1,1,0,1,1,0,0,18,127.28,0,7
412,1,1,1,1,1,0,0,0,7,152.45,2,6.5
413,2,0,1,1,0,1,1,1,4,198.01,2,8.8
414,3,1,0,1,1,0,0,1,34,196.1,0,6.4
415,1,1,0,0,0,0,0,0,27,188.93,0,9.5
416,1,0,0,0,1,1,0,1,38,91.29,0,6.3
417,2,1,1,0,1,1,1,0,42,187.37,0,9.4
418,1,0,1,0,0,0,0,1,38,161.8,0,6.9
419,2,0,0,1,0,1,1,1,40,196.6,1,9.1
420,1,1,0,0,1,0,0,1,20,60.2,2,8.9
421,3,1,0,1,1,1,0,1,21,196.53,2,5.9
422,3,1,1,1,1,1,1,1,8,155.63,0,8.7
423,1,1,1,0,0,1,1,1,13,152.8,1,9.3
424,1,0,0,0,1,0,1,1,19,86.84,1,5.9
425,1,0,1,1,1,0,1,0,21,156.85,0,8.9
426,3,1,0,1,1,1,0,0,5,81.54,0,8.6
427,2,1,0,0,1,1,1,0,22,88.12,0,9.8
428,2,1,0,0,0,1,1,0,21,75.15,0,6.9
429,1,0,1,0,1,0,0,0,18,137.79,2,8.4
430,1,0,1,1,0,1,1,0,1,198.26,1,6.5
431,3,0,1,1,0,0,1,0,40,195.65,2,5.3
432,1,1,0,0,0,0,1,1,1,69.87,2,8.4
433,2,1,0,0,0,1,1,1,30,121.93,2,5
434,3,1,0,1,1,0,1,0,34,106.61,2,7.9
435,3,0,0,0,0,1,0,1,2,122.59,1,6.8
436,2,0,0,1,0,0,0,0,30,151,2,9.6
437,2,1,1,1,1,1,0,1,23,154.57,1,8.8
438,2,0,0,1,0,1,0,0,19,177.94,2,8.7
439,1,0,0,1,0,1,1,0,11,163.12,1,8.1
440,3,0,1,0,1,1,0,0,27,179.57,0,5.6
441,2,0,0,1,1,0,0,1,13,175.31,2,9
442,2,1,1,0,1,0,1,1,21,145.52,2,8
443,3,1,1,0,1,1,0,1,5,182.48,0,9.7
444,2,0,1,1,1,0,1,1,11,92.52,0,9.3
445,2,0,0,0,1,0,1,1,6,62.74,1,5
446,1,1,0,1,1,1,0,0,13,196.24,0,8
447,3,1,1,0,1,0,1,1,6,96.86,0,9.9
448,3,0,1,0,0,0,0,0,38,126.87,1,6.3
449,2,0,1,1,0,1,1,1,24,179.44,1,5.8
450,3,0,0,1,1,1,1,0,15,64.13,2,7.9
451,2,0,0,0,0,0,0,1,14,60.54,0,8.2
452,3,1,1,0,1,1,1,1,14,198.88,1,6.4
453,2,0,0,1,1,1,1,0,41,137.85,2,8.9
454,3,0,0,1,0,0,1,1,2,64.33,2,8.3
455,2,1,1,1,1,0,1,1,42,169.37,1,9.9
456,2,1,1,1,1,1,1,1,16,80.01,0,8.8
457,2,0,1,0,1,1,1,0,23,151.51,0,8
458,3,0,1,0,1,1,0,0,5,139.83,1,8.4
459,3,1,1,0,1,0,0,1,43,132.2,1,6.5
460,2,0,0,0,1,0,1,1,36,128.92,2,9.3
461,3,1,1,0,0,1,1,0,41,139.8,2,5.5
462,1,0,0,1,0,0,0,1,7,95.43,1,7.8
463,2,0,0,0,0,1,0,1,10,191.93,2,7
464,3,1,1,0,1,1,1,1,12,62.51,2,7.3
465,3,0,1,0,1,0,0,1,3,108.22,1,8.4
466,1,0,0,1,1,1,1,1,2,165.83,1,6.6
467,2,0,1,1,0,1,0,0,30,66.19,0,9.6
468,2,0,1,1,1,0,0,0,45,106.57,2,6
469,3,0,0,0,0,0,1,0,38,89.95,1,6
470,1,0,1,0,1,0,1,1,35,192.71,1,8.9
471,1,0,1,1,1,0,0,0,17,88.53,2,5.7
472,2,1,1,1,0,1,0,1,7,134.24,2,7.8
473,3,0,1,0,0,0,1,1,38,131.4,2,6.4
474,3,0,1,1,1,1,0,0,2,190.66,2,9.7
475,2,1,1,1,1,0,1,0,40,90.02,0,5.5
476,2,1,0,1,0,0,0,0,11,120.47,2,8.9
477,1,1,0,0,1,0,0,1,16,93.21,0,9.4
478,3,1,1,0,1,0,0,0,15,90.66,0,8.7
479,2,0,0,1,0,0,0,0,9,111.5,2,5.2
480,1,1,1,1,0,1,0,0,25,68.46,1,8.2
481,3,1,0,1,1,0,0,1,2,125.37,1,6.8
482,3,1,1,0,1,0,1,0,16,181.26,1,5.9
483,3,0,0,0,0,0,0,0,40,78.42,2,9.9
484,2,1,0,1,0,0,0,0,23,130.68,2,8.6
485,2,1,0,1,0,1,0,0,2,188.6,0,8.7
486,2,1,0,1,1,1,0,1,31,192.41,1,6.2
487,3,0,1,1,0,0,0,1,36,86.84,1,8.3
488,3,1,1,0,0,1,0,0,28,137.42,1,5.4
489,2,1,0,0,0,0,0,0,17,62.35,0,8.6
490,1,0,1,0,1,0,1,0,41,144.1,0,5.9
491,1,0,0,1,0,1,0,0,30,95.32,0,9.5
492,1,0,1,1,0,0,0,1,12,157.92,2,6.7
493,3,1,0,1,1,0,1,1,38,169.16,0,6
494,3,0,1,0,1,0,0,0,31,76.81,2,9.2
495,3,0,1,1,0,1,1,0,11,157.92,0,7.8
496,2,1,0,0,1,0,1,0,8,89.7,0,6.2
497,3,1,1,0,0,0,1,0,9,140.63,1,5.6
498,2,0,0,0,0,1,0,0,10,168.47,0,7.5
499,1,0,0,1,0,1,1,0,25,195.11,2,9
500,1,0,1,1,1,1,1,1,40,151.18,0,5.5
501,1,0,0,0,1,1,1,0,2,69.21,0,5.3
502,1,1,1,1,1,0,1,1,11,100.79,2,9.8
503,3,0,0,1,1,1,1,0,23,195.86,2,7.7
504,3,0,1,1,0,1,1,0,13,162.71,2,8.1
505,2,0,0,0,0,1,1,1,30,103.35,2,9.7
506,1,1,1,1,1,0,0,0,16,84.46,1,5.7
507,3,1,0,0,0,1,1,1,23,121.31,1,8.7
508,3,1,1,1,1,1,0,1,13,68.84,2,7.7
509,3,0,1,0,1,1,1,0,27,76.47,2,5.2
510,1,1,0,1,1,0,1,0,33,198,1,9.8
511,3,0,1,0,1,1,0,1,32,129.41,2,7.4
512,3,1,1,0,1,1,1,0,7,194.05,0,6.6
513,3,0,0,1,0,1,1,1,2,139.02,1,5.7
514,3,0,0,1,0,1,1,0,16,156.99,1,5.6
515,2,1,1,1,0,0,0,1,33,155.92,0,9.7
516,1,0,0,1,0,0,1,1,32,111.32,0,6.9
517,3,0,0,1,1,1,1,0,37,109.51,0,9.7
518,2,1,1,1,0,1,0,0,18,117.42,2,7.8
519,3,1,0,0,1,1,1,0,6,95.16,0,7.4
520,2,1,1,1,1,0,1,1,41,195.43,1,7.7
521,1,0,0,1,0,1,0,1,5,141.02,1,8.2
522,2,0,0,1,1,0,0,1,40,192.47,2,5.6
523,3,1,0,0,1,0,0,0,22,69.74,0,5.1
524,3,0,0,1,0,0,0,0,10,125.6,2,9
525,2,1,0,1,1,0,1,1,8,138.35,2,9.5
526,2,0,1,0,1,1,0,0,43,100.3,1,6.9
527,1,1,0,1,0,1,1,1,10,71.42,1,5.9
528,1,0,0,0,1,0,1,0,29,145.85,1,5.3
529,3,0,0,1,1,1,1,0,18,197.89,2,5.7
530,3,0,1,0,1,0,1,0,38,197.22,2,7.3
531,2,0,0,1,1,0,0,1,17,194.77,2,6.8
532,3,0,1,1,0,1,1,1,33,107.93,1,8.5
533,2,0,1,0,1,0,0,0,29,135.87,1,9.3
534,3,1,1,0,0,0,1,1,24,163.22,1,5.4
535,3,0,1,0,1,1,0,0,20,129.53,1,5.1
536,1,0,0,1,0,0,0,1,43,88.91,0,7.6
537,1,0,0,1,0,0,0,1,11,186.76,1,9.7
538,3,0,1,0,0,1,0,0,42,153.11,0,5.4
539,3,0,1,0,0,1,1,1,41,147.31,1,9
540,1,0,0,1,1,0,0,1,1,151.12,0,6.8
541,1,0,1,0,1,1,0,1,10,156.05,1,5.8
542,3,1,0,1,1,0,1,1,9,88.94,1,7.5
543,1,1,1,0,0,1,1,0,43,96.38,0,7.8
544,3,1,1,0,0,1,0,0,15,189.08,0,7.9
545,2,0,1,0,1,0,0,1,3,196.1,0,8.4
546,1,1,0,1,0,1,0,0,26,194.05,0,9.2
547,3,0,1,0,0,1,1,1,31,193.15,1,8.1
548,1,1,1,1,0,1,0,0,45,100.17,2,8.7
549,1,0,1,0,0,0,0,1,3,102.35,2,8.7
550,1,0,0,1,1,0,1,1,39,98.16,0,8.9
551,1,0,1,0,0,0,1,0,11,74.39,0,6.9
552,2,1,1,0,0,1,0,1,19,124.48,1,8.7
553,3,0,0,0,0,1,0,0,31,134.95,2,5.6
554,3,0,1,1,0,0,0,1,1,167.63,2,6.9
555,2,0,1,1,0,0,0,0,2,103.22,2,7
556,2,1,1,1,1,0,0,1,35,175.99,2,7
557,2,0,0,1,0,1,0,1,23,129.52,2,9.9
558,2,1,1,1,0,1,1,1,5,154.82,1,7.5
559,1,1,0,0,1,1,0,1,40,65.86,2,6.7
560,2,0,0,0,1,1,0,0,19,136.67,0,5.9
561,2,1,0,1,0,0,1,0,21,151.85,1,7.2
562,1,0,1,0,1,1,1,1,7,91.61,0,8.9
563,2,0,1,1,1,0,0,0,37,122.98,2,8.3
564,2,0,0,1,1,1,1,0,1,155.87,0,8.6
565,2,1,1,0,0,0,0,0,6,96.33,1,5.4
566,1,1,0,0,0,0,1,1,14,100.7,2,5.2
567,2,0,1,0,1,1,1,0,28,123.66,0,7.1
568,2,0,1,1,1,0,1,1,17,87.45,2,7.3
569,1,1,0,0,1,1,0,0,8,108.7,1,6.3
570,1,1,0,0,1,0,1,0,23,61.76,0,5.4
571,3,1,0,1,1,0,0,1,12,199.9,0,9.3
572,1,0,1,1,1,0,1,1,4,163.87,0,5.3
573,2,0,1,1,0,0,1,0,4,157.96,1,7.9
574,3,0,0,1,1,1,1,1,10,171.13,1,6.6
575,2,0,1,0,0,1,0,1,33,74.15,0,5.7
576,3,1,1,0,1,0,1,0,30,166.73,0,9.8
577,2,0,1,0,0,0,0,0,7,133.93,1,8.5
578,1,1,0,0,1,1,1,0,38,188.99,0,9.4
579,1,0,1,0,0,1,0,0,32,124.02,2,7.3
580,2,1,0,1,0,1,1,0,33,193.16,2,8.8
581,2,1,1,0,1,0,1,1,11,190.71,1,6.3
582,1,0,1,0,1,1,0,1,31,143.68,0,8.8
583,1,0,0,0,0,1,1,1,42,67.83,1,7.6
584,2,0,1,1,1,0,0,1,13,135.81,2,9.1
585,2,0,1,1,1,1,1,1,15,192.28,2,9.2
586,2,1,0,1,1,0,1,0,35,176.58,1,8.6
587,3,0,1,0,1,1,1,1,16,139.59,1,5.2
588,2,0,1,0,1,1,0,1,23,91.43,0,7
589,1,0,0,1,1,1,0,1,31,136.61,1,9.3
590,3,0,0,0,0,0,0,0,5,175.46,2,5.8
591,2,0,1,0,0,1,0,1,9,62.05,2,7.7
592,3,0,1,1,1,1,1,0,43,130.5,0,6.7
593,1,0,1,1,0,1,0,1,16,145.34,1,5.7
594,2,1,0,1,0,0,1,0,45,121.44,0,5.4
595,1,0,0,0,0,1,0,1,11,187.88,0,8.2
596,3,1,0,1,0,0,1,1,33,174.86,1,9.7
597,1,0,1,1,0,0,0,0,8,149.63,1,7
598,1,0,1,0,1,1,0,1,10,110.77,0,5.8
599,2,0,1,0,0,0,0,1,18,97.48,2,8.9
600,3,0,0,0,1,1,0,1,12,158.49,1,7.4
601,1,0,1,1,1,0,0,0,7,102.9,0,5.8
602,1,0,1,0,1,0,0,0,11,166.63,2,8.8
603,3,0,0,0,1,0,0,1,40,72.49,1,10
604,1,0,1,0,1,1,0,1,17,137,1,6.9
605,3,1,0,1,0,1,1,0,16,140.2,0,5.5
606,1,0,1,0,0,1,1,0,27,167.05,1,5.9
607,3,1,1,1,1,1,0,1,8,100.85,2,5.4
608,1,0,1,1,0,1,0,0,38,177.18,2,6
609,1,0,0,0,1,1,0,1,12,194.04,1,6.6
610,1,0,1,0,1,0,0,1,20,68,0,10
611,3,0,0,0,0,1,1,1,15,85.04,0,6.8
612,2,0,1,0,0,0,0,0,6,87.77,0,7.2
613,2,0,1,0,0,0,0,1,20,143.14,1,8.8
614,2,0,0,0,1,1,0,0,12,137.89,1,8.8
615,3,1,1,1,0,1,1,0,20,166.25,1,7.4
616,3,1,1,1,0,0,0,1,36,122.62,1,9.4
617,2,0,1,1,1,0,0,0,34,102.51,1,5.2
618,2,1,1,0,0,1,1,0,27,123.37,2,8.2
619,1,0,1,1,1,1,0,1,5,75.88,0,5.5
620,3,1,1,0,1,0,1,1,33,67.98,2,6.7
621,3,0,0,1,0,0,1,0,40,98.06,1,8.8
622,3,0,0,0,1,1,0,0,10,130.57,0,8.3
623,3,0,1,1,1,1,0,1,33,143.33,2,8.8
624,3,1,0,0,0,0,0,0,44,112.94,0,5.7
625,2,1,0,1,0,1,1,1,35,121.35,0,5.3
626,2,0,1,0,1,0,1,1,43,198.13,0,8.2
627,3,1,1,0,0,0,0,0,6,152.77,0,6.1
628,2,0,1,1,1,0,0,0,15,76.43,0,5.4
629,3,0,1,1,0,0,1,0,22,166.51,0,7.6
630,2,1,0,0,1,0,0,0,16,73.06,0,7.9
631,2,1,1,0,0,0,1,0,17,148.7,0,6.4
632,3,0,1,0,1,1,1,0,33,68.12,1,9
633,3,0,0,0,0,0,0,1,21,85.03,2,8.5
634,3,0,1,1,1,1,1,0,11,130.91,0,9.5
635,3,0,1,0,1,0,1,0,25,132.91,0,8.9
636,2,1,1,0,0,1,0,1,22,114.12,0,8.4
637,2,1,0,0,1,1,0,1,7,121.27,0,8.1
638,1,0,0,1,1,0,1,0,33,117.62,2,7.8
639,2,0,1,1,1,1,0,1,42,170,0,8
640,2,0,1,0,1,0,1,1,40,155.87,2,9.5
641,1,1,1,1,0,1,0,1,21,70.66,0,7.5
642,3,1,1,0,0,0,1,1,7,93.48,2,6.3
643,2,1,0,0,0,0,1,1,8,131.38,2,8.9
644,3,0,0,0,0,0,1,1,29,166.61,1,7.9
645,3,0,0,0,1,1,0,0,22,169.39,1,9.7
646,1,1,0,0,1,0,0,1,16,128.57,0,8.7
647,3,0,0,1,0,1,1,1,16,112.19,1,7.9
648,2,1,1,1,0,1,1,1,7,71.99,1,8.1
649,2,1,0,1,0,0,0,0,30,167.11,1,5.7
650,3,1,0,0,0,1,1,1,36,113.99,1,8.7
651,3,1,0,1,0,1,1,1,27,151.53,0,7.4
652,2,0,1,1,0,1,1,0,26,64.4,2,10
653,1,1,1,1,0,1,1,1,9,72.12,2,5.8
654,2,1,1,1,1,0,0,0,18,109.74,0,8.2
655,1,1,1,1,1,1,1,1,32,69.68,0,5.9
656,1,1,0,0,0,0,1,0,40,178.2,1,5.3
657,2,1,0,0,1,0,1,0,15,166.41,0,7.5
658,2,1,1,0,0,1,1,0,1,151.5,0,6.1
659,2,0,0,1,0,1,1,1,11,96.88,2,7.3
660,3,1,0,1,1,0,0,0,32,94.37,0,8.6
661,1,0,1,1,1,0,0,0,28,185.78,0,8
662,3,1,1,1,0,0,0,1,17,189.94,2,5.1
663,1,0,1,0,0,0,0,1,25,148.15,0,9.9
664,1,1,0,1,0,1,1,1,18,140.9,0,7.4
665,3,0,0,0,0,0,1,0,38,161.03,0,7
666,1,0,1,1,0,1,0,0,1,123.1,0,5.5
667,1,1,1,0,0,1,0,0,26,70.85,1,9.7
668,1,1,0,1,1,1,1,1,26,74.85,0,6.4
669,2,0,1,0,1,1,1,0,5,185.95,2,8.3
670,1,0,0,1,0,1,1,0,15,94.46,2,8.2
671,3,0,1,1,0,1,1,1,33,157.62,2,9.5
672,1,0,1,1,1,0,0,0,6,80.54,0,6.9
673,2,1,0,1,1,1,1,0,45,167.98,2,7
674,2,0,1,1,0,0,1,0,1,93.62,2,7.7
675,3,0,0,0,0,1,1,1,32,97.56,0,6.5
676,1,1,0,1,1,1,1,0,16,101.89,0,6.8
677,1,1,0,1,1,1,1,1,1,170.93,2,7
678,2,0,0,1,0,0,0,1,15,72.31,1,6.8
679,3,0,1,1,0,1,1,0,5,106.23,2,8.2
680,2,0,0,0,0,1,0,1,17,109.28,0,9.3
681,3,1,1,1,0,0,0,1,10,131.92,2,9.3
682,3,1,1,1,1,1,1,1,26,190.11,2,7.5
683,3,1,0,1,1,1,0,0,16,140.06,2,5.3
684,3,0,0,0,1,0,1,0,2,113.4,2,6.6
685,1,1,1,1,1,1,1,1,4,186.37,0,9.3
686,2,1,1,1,1,0,0,1,31,104.03,2,9.2
687,2,0,1,1,1,1,1,0,14,196.61,0,9.9
688,3,1,1,1,1,1,1,0,36,79.53,0,6.8
689,1,0,1,0,0,1,0,1,33,97.23,0,6.5
690,3,1,0,0,0,1,0,0,20,97.83,2,5
691,1,0,1,1,0,1,1,1,27,100.9,2,7.5
692,3,1,0,0,1,0,1,1,40,99.27,1,5
693,3,1,1,1,0,1,0,1,30,143.41,2,9.3
694,2,0,1,1,1,1,0,0,27,172.85,1,7.5
695,2,0,0,1,0,1,0,1,42,161.01,2,5.1
696,1,0,1,0,1,0,1,1,16,81.98,2,6.8
697,1,0,0,1,0,1,0,1,3,126.1,0,7.9
698,3,1,0,1,0,0,0,1,18,156.13,2,8.2
699,3,1,1,0,0,1,0,0,34,182.78,0,8.1
700,1,1,0,0,1,1,0,0,9,99.35,1,8.2
701,1,1,1,1,0,1,1,1,31,172.71,0,8.1
702,1,0,0,0,1,0,0,0,15,185.82,2,6.9
703,1,1,1,1,0,1,1,0,26,177.36,0,9.8
704,3,1,1,1,1,0,1,1,9,175.83,2,6.9
705,1,1,0,1,0,1,1,0,38,176.11,2,7.1
706,3,0,1,1,0,1,0,1,41,167.35,2,8.9
707,3,0,0,0,1,0,1,0,10,139.79,0,6.4
708,2,0,0,0,1,1,0,0,33,192.85,1,5.1
709,1,1,1,0,0,0,0,0,11,181.35,2,9.9
710,3,1,0,0,0,1,1,0,33,99.81,0,5.8
711,1,0,0,1,1,1,0,0,11,78.41,1,9.7
712,2,1,1,0,1,1,1,1,41,152.75,2,9.4
713,3,1,1,1,1,0,0,0,10,114.39,1,9.4
714,2,1,1,0,1,1,1,1,28,113.84,2,9.1
715,3,1,0,1,1,0,0,0,38,123.06,2,9.5
716,3,0,0,0,1,1,1,1,22,109.2,0,8.7
717,1,1,0,0,1,1,1,0,11,170.96,0,9
718,2,0,0,0,0,1,0,0,18,184.97,0,8.6
719,1,1,1,1,0,0,0,1,16,162.58,1,9.3
720,3,1,1,0,0,0,1,0,5,174.74,0,9.9
721,3,0,1,0,0,1,0,0,21,116.94,0,8.1
722,3,0,1,1,1,1,0,1,20,83.97,2,9.3
723,3,1,1,1,1,1,1,0,39,104.33,1,9.6
724,2,0,1,1,1,0,0,1,37,186.77,0,8.7
725,3,0,0,1,0,0,1,0,33,64.36,0,8.9
726,2,0,1,0,1,0,1,0,43,82.94,1,5.2
727,2,1,1,0,1,0,0,0,12,135.43,1,8.5
728,1,0,0,1,0,1,0,0,13,61.85,0,5.8
729,3,1,0,1,1,1,0,1,4,68.76,2,5.9
730,1,0,1,0,1,0,1,0,22,193.61,2,8.2
731,3,1,1,1,0,1,0,1,19,105.63,2,7.5
732,2,1,1,0,1,1,1,1,3,168.97,0,9.4
733,1,1,0,1,0,1,1,0,14,84.75,2,9.1
734,3,0,0,1,0,1,0,1,14,101.69,0,5.2
735,1,0,0,0,1,1,1,1,19,128.01,0,7.3
736,2,1,0,0,0,0,1,1,34,156.34,2,7.2
737,3,0,0,0,0,1,1,1,14,167.17,1,8.4
738,2,1,1,0,0,0,0,0,8,114.06,1,9.5
739,1,0,0,1,0,0,1,1,26,154.61,0,5.9
740,2,1,0,0,1,0,1,1,32,168.82,2,8.7
741,3,0,0,1,0,0,1,1,9,193.37,2,6
742,1,0,1,1,1,1,0,0,8,118.48,2,9.3
743,1,1,1,1,1,1,0,0,30,119.68,1,6.1
744,1,0,0,1,0,0,1,0,22,94.61,2,6.8
745,1,1,1,1,1,1,1,0,34,189.17,0,9.7
746,2,0,0,0,0,1,1,1,4,181.91,0,8.3
747,2,0,1,0,0,0,0,1,24,174.35,1,9.2
748,1,0,1,1,0,1,0,0,22,114.38,0,8
749,1,0,0,1,1,0,0,1,9,147.91,2,8.3
750,2,0,0,1,0,1,0,1,10,77.06,2,5.3
751,2,1,1,1,0,0,0,1,32,82.74,0,8.5
752,1,1,1,1,0,1,1,0,30,103.65,0,6.8
753,2,1,1,1,0,0,0,0,40,164.01,1,7.9
754,3,0,0,1,1,1,1,1,12,174.2,2,8.7
755,1,0,0,1,0,0,1,1,20,71.92,1,9.6
756,2,0,0,0,0,1,0,1,10,76.99,2,6.8
757,1,0,1,0,1,1,1,0,15,145.71,0,6.9
758,3,1,1,1,1,0,0,1,14,152.1,1,5.6
759,1,0,0,0,1,1,0,0,44,177.74,0,7.9
760,3,1,0,1,1,0,1,0,39,185.74,1,7
761,3,0,0,1,1,1,0,1,11,196.85,2,6.9
762,2,1,0,0,0,1,1,1,12,88.97,1,8.2
763,2,0,1,1,0,0,0,1,29,105.32,1,6.1
764,3,1,0,0,0,1,0,1,43,181.01,0,5.3
765,3,1,0,0,1,1,0,0,41,103.65,0,8.4
766,2,0,1,0,0,1,1,1,8,84.72,1,8.8
767,3,0,0,1,0,0,0,1,12,142.27,1,8.6
768,2,1,1,0,0,1,1,1,4,176.51,2,7.9
769,2,1,1,1,1,0,1,0,10,148.98,1,9.2
770,3,0,1,1,1,0,0,0,2,169.72,1,6.1
771,2,1,0,1,0,0,0,1,30,61.26,1,7.3
772,1,0,0,1,0,1,0,0,31,81.61,1,9.2
773,1,1,0,0,0,1,1,0,30,136.75,1,5.7
774,1,1,0,0,0,0,0,0,22,190.58,2,10
775,1,1,1,0,1,1,0,1,28,182.37,1,8.4
776,3,0,1,0,1,1,0,0,9,146.05,1,8.9
777,1,1,1,0,1,0,0,1,26,193.03,2,9.6
778,2,0,0,0,0,0,0,0,8,114.77,2,5.9
779,2,0,1,1,1,0,1,0,30,165.01,0,7.9
780,3,0,0,1,0,1,1,0,6,180.35,1,6.8
781,2,0,0,0,0,0,1,1,3,157.1,2,8.4
782,2,0,1,0,1,0,0,0,8,133.65,0,9.2
783,2,0,0,0,1,1,1,1,27,65.81,0,8.1
784,1,0,0,0,1,0,1,1,6,65.77,1,7.3
785,3,1,1,1,1,0,0,0,32,146.59,1,7.6
786,3,1,0,0,0,0,0,1,21,89.85,1,9
787,1,0,0,0,0,0,1,1,21,129.79,2,6.4
788,2,1,0,0,0,0,1,0,10,120.75,1,7.6
789,3,1,0,1,1,1,1,1,25,143.14,1,8.4
790,2,0,0,1,1,1,0,1,30,143.38,2,9.4
791,3,0,1,1,1,1,1,0,32,137.08,1,9.2
792,2,0,0,0,0,1,0,1,32,155.69,2,5.4
793,3,0,1,0,1,0,0,1,24,106.14,1,7.8
794,2,0,1,1,1,1,1,0,13,166.54,2,5
795,1,0,0,0,0,0,1,1,34,125.12,1,5.4
796,3,1,0,1,1,0,1,0,27,104.73,0,9.9
797,1,0,0,1,1,0,1,1,43,163.84,1,5.6
798,1,0,1,0,1,0,0,0,17,128.02,0,9
799,3,0,0,1,1,1,1,1,19,102.43,0,7.7
800,2,0,0,0,0,1,1,0,39,62.59,1,7.8
801,1,0,1,1,0,0,0,0,15,93.22,2,8
802,2,1,1,0,1,0,1,0,22,103.34,0,9.3
803,1,0,1,1,1,1,0,0,19,131.97,0,5.6
804,2,0,0,0,0,1,0,0,30,132.03,1,5.1
805,3,1,1,0,0,0,0,0,21,104.18,0,5.7
806,1,0,0,0,1,1,0,1,16,182.37,0,6.1
807,2,1,1,0,0,0,0,0,40,85.77,0,5.6
808,3,1,1,1,0,0,1,0,9,196.1,1,8.3
809,1,0,0,1,0,1,1,0,7,129.99,0,5.3
810,2,1,1,1,1,0,1,0,45,175.82,1,7.1
811,2,1,1,0,1,0,1,1,43,68.38,2,7.7
812,1,1,1,1,1,1,1,1,35,143.9,1,9.8
813,2,0,0,0,0,0,0,0,34,138.54,1,6.8
814,2,0,0,0,0,0,0,0,6,134.4,1,5.4
815,2,0,1,0,1,1,0,1,20,115.51,2,5
816,1,1,0,1,1,1,1,0,4,102.72,0,9.7
817,2,1,1,0,1,1,1,1,8,178.41,2,8.2
818,2,1,0,1,1,1,1,1,5,91.88,0,6.3
819,1,1,0,0,1,1,0,0,34,183.16,2,8.5
820,2,1,1,1,1,1,1,0,29,163.86,2,8.9
821,1,1,0,1,0,0,1,0,16,96.31,2,8.5
822,1,1,0,0,0,0,1,0,17,111.47,2,9.5
823,3,0,1,0,1,1,0,0,28,88.42,0,8.3
824,2,0,1,0,1,0,1,1,27,177.82,2,8.1
825,3,0,1,0,1,0,0,1,29,168.17,1,9.6
826,3,1,1,0,0,0,0,1,14,172.45,0,6.3
827,3,0,0,1,0,1,1,1,25,162.5,0,7.6
828,3,1,1,1,0,0,0,0,6,167.05,1,5.7
829,3,1,0,0,0,0,1,1,29,110.74,1,7.6
830,2,0,0,0,1,1,0,1,11,186.61,0,6
831,2,0,1,0,0,1,1,0,7,112.84,1,6.2
832,2,1,0,1,0,0,1,0,13,67.04,1,8.6
833,1,0,1,1,1,1,1,1,26,156.19,2,5.8
834,1,1,1,1,0,0,1,1,41,66.36,0,7.3
835,3,1,0,1,0,1,1,1,13,189.15,2,7.8
836,2,1,1,1,1,0,1,0,35,65.77,1,6.2
837,3,1,1,0,0,1,0,0,5,129.28,2,7.3
838,1,0,0,1,1,0,0,0,13,64.96,1,6
839,1,1,0,1,0,1,0,1,11,176.24,1,7.3
840,1,1,1,0,1,0,1,1,27,75.04,2,9.9
841,3,1,0,0,0,0,1,0,23,79.33,2,9
842,2,1,1,0,0,0,1,0,26,162.5,0,6.4
843,3,1,1,1,0,1,0,0,26,112.36,1,9.1
844,2,1,1,1,0,1,0,1,37,128.3,0,8.2
845,3,0,1,1,0,1,0,0,45,192.15,1,5.8
846,3,0,0,1,0,1,1,0,27,156.85,0,6.9
847,1,1,0,0,1,0,1,1,17,62.14,1,6.5
848,3,1,1,0,1,0,1,1,8,193.12,0,6.6
849,3,0,0,0,0,0,1,0,41,103.89,0,9.5
850,2,0,1,0,1,0,0,0,24,163.28,2,8.2
851,2,1,1,0,0,0,0,0,23,90.33,2,6.7
852,2,0,0,0,1,0,1,0,40,112.46,1,8.8
853,3,0,0,0,1,1,1,0,36,163.02,1,6
854,1,1,0,0,0,1,0,1,20,85.8,0,9.6
855,2,0,0,1,1,0,0,0,27,92.05,2,8
856,1,1,1,0,1,1,0,0,11,66.53,1,7.8
857,1,0,1,0,0,1,0,1,45,188.56,0,7.9
858,2,1,0,0,0,1,1,1,40,108.05,1,9.8
859,1,0,1,1,0,1,1,0,19,110.84,2,5.6
860,3,0,1,0,1,1,1,1,19,95.4,0,5.7
861,1,0,0,0,1,1,1,1,35,154.82,1,8.3
862,3,0,0,1,1,1,1,0,10,198.9,1,5.4
863,3,1,0,0,0,0,1,1,6,178.51,1,7.8
864,2,0,0,1,0,1,0,1,19,90.72,2,8.8
865,1,0,1,0,0,0,0,1,13,142.92,1,6.1
866,2,1,0,0,1,0,1,0,20,183.7,2,9.9
867,2,1,1,0,1,0,0,1,13,103.97,2,10
868,3,1,1,0,1,1,0,0,24,131.96,2,8.2
869,3,1,0,0,0,1,1,1,4,97.06,1,7.3
870,1,1,0,0,1,0,1,0,23,188.66,2,5.6
871,1,0,1,1,0,1,0,0,23,162.47,0,9.7
872,3,0,0,1,1,1,0,1,4,83.3,0,8.3
873,3,1,0,1,1,1,1,0,43,158.08,2,8.8
874,2,1,1,0,1,0,0,0,3,101.46,2,5.6
875,2,1,1,0,0,0,1,1,14,74.28,1,9.2
876,3,0,1,0,1,0,0,0,13,170.29,1,6.4
877,1,0,0,0,0,1,1,1,3,193.8,1,9.7
878,3,0,1,1,1,0,0,0,4,86.07,2,6.8
879,2,0,1,0,0,1,1,0,10,72.77,2,9.6
880,2,0,0,0,1,1,0,1,40,157.29,0,9
881,2,0,0,1,0,0,1,0,44,137.74,2,7.5
882,3,0,0,0,1,1,1,0,10,173.87,0,9.1
883,2,1,1,0,0,1,1,0,24,117.42,1,9.9
884,2,0,0,0,0,1,0,1,14,164.04,2,9.2
885,2,0,0,1,0,1,1,0,5,81.51,2,9
886,3,1,1,1,0,1,0,1,21,98.56,1,7.6
887,3,1,0,0,1,0,1,0,30,141.12,1,8.4
888,1,1,1,1,0,1,1,0,6,162.17,1,7.2
889,1,0,1,1,1,0,1,1,8,98.37,0,9.6
890,2,0,1,1,1,1,0,1,42,187.66,2,7.3
891,1,1,0,0,1,0,0,1,35,112.73,2,8.9
892,1,1,1,0,1,0,0,0,13,90.29,0,8.8
893,1,0,0,0,1,0,0,1,42,105.16,1,6.6
894,2,0,1,0,1,1,1,0,43,82.79,0,9.2
895,1,0,1,0,1,1,1,1,2,181.56,0,9.7
896,1,0,1,1,1,0,1,0,38,93.62,1,9.6
897,2,0,0,1,0,0,1,0,22,132.75,1,8.7
898,1,1,1,1,0,1,1,1,11,63.31,1,8.2
899,2,0,1,1,1,1,0,1,28,147.29,2,9.6
900,2,1,0,0,0,0,0,0,36,107.42,1,9.6
901,1,1,0,0,1,1,1,0,40,73.98,1,9.3
902,2,0,1,0,1,0,1,0,4,180.97,0,6.6
903,2,0,1,0,0,0,1,1,23,177.5,2,9.9
904,3,1,0,0,1,0,1,0,9,163.32,2,9.1
905,1,0,0,1,1,1,0,1,23,71.86,0,9.3
906,3,1,1,0,0,0,0,0,28,73.2,1,5.3
907,2,0,1,1,0,1,0,1,42,68.34,2,7.3
908,2,0,0,1,0,1,0,1,5,139.49,0,8
909,1,1,1,0,1,1,1,1,38,138.9,0,6.3
910,1,1,1,1,1,1,1,0,23,82.07,0,8.3